date,title:,link
"February 25, 2021",Automatic Extraction: Better web data with less hassle,/blog/automatic-extraction-data-extractor-review/
"February 18, 2021",Scrapy update: Better broad crawl performance,/blog/scrapy-update-better-broad-crawl-performance/
"February 2, 2021","Hi, we’re Zyte!",/blog/scrapinghub-is-now-zyte/
"February 1, 2021",Irish data extraction innovator unveils new name – and new AI-powered Automatic Extraction service,/blog/press-release-scrapinghub-is-now-zyte/
"January 28, 2021",Large scale web scraping,/blog/large-scale-web-scraping/
"December 31, 2020",Announcing the Web Data Extraction Summit 2020,/blog/announcing-the-web-data-extraction-summit-2020-2/
"December 30, 2020",Announcing The Web Data Extraction Summit 2020,/blog/announcing-the-web-data-extraction-summit-2020/
"September 30, 2020",A practical guide to web data QA part V: Broad crawls,/blog/a-practical-guide-to-web-data-qa-part-v-broad-crawls/
"September 24, 2020",Announcing the Web Data Extraction Summit 2020,/blog/web-data-extraction-summit-2020/
"September 10, 2020",News & article data extraction: Open source vs closed source solutions,/blog/news-article-data-extraction-open-source-vs-closed-source-solutions/
date,title:,link
"February 25, 2021",Automatic Extraction: Better web data with less hassle,/blog/automatic-extraction-data-extractor-review/
date,title:,link
"February 25, 2021",Automatic Extraction: Better web data with less hassle,/blog/automatic-extraction-data-extractor-review/
